id,name,model_id:id,group_id:id,perm_read,perm_write,perm_create,perm_unlink
access_dns_promotion_manager,DNS promotions manager,model_dns_pos_promotion,dns_pos_promotions.group_dns_promotion_manager,1,1,1,1
access_dns_promotion_user,DNS promotions viewer,model_dns_pos_promotion,dns_pos_promotions.group_dns_promotion_user,1,0,0,0
access_dns_store_group_manager,DNS store groups manager,model_dns_promotion_store_group,dns_pos_promotions.group_dns_promotion_manager,1,1,1,1
access_dns_selector_manager,DNS selectors manager,model_dns_promotion_selector,dns_pos_promotions.group_dns_promotion_manager,1,1,1,1
access_dns_selector_user,DNS selectors viewer,model_dns_promotion_selector,dns_pos_promotions.group_dns_promotion_user,1,0,0,0
access_dns_group_manager,DNS assortment groups manager,model_dns_promotion_assortment_group,dns_pos_promotions.group_dns_promotion_manager,1,1,1,1
access_dns_group_user,DNS assortment groups viewer,model_dns_promotion_assortment_group,dns_pos_promotions.group_dns_promotion_user,1,0,0,0
access_dns_scope_manager,DNS resolved products manager,model_dns_promotion_product_scope,dns_pos_promotions.group_dns_promotion_manager,1,1,1,1
access_dns_scope_user,DNS resolved products viewer,model_dns_promotion_product_scope,dns_pos_promotions.group_dns_promotion_user,1,0,0,0
access_dns_conflict_manager,DNS conflicts manager,model_dns_promotion_conflict,dns_pos_promotions.group_dns_promotion_manager,1,1,1,1
access_dns_conflict_user,DNS conflicts viewer,model_dns_promotion_conflict,dns_pos_promotions.group_dns_promotion_user,1,0,0,0
access_dns_audit_manager,DNS audit manager,model_dns_promotion_audit,dns_pos_promotions.group_dns_promotion_manager,1,0,1,0
access_dns_audit_user,DNS audit viewer,model_dns_promotion_audit,dns_pos_promotions.group_dns_promotion_user,1,0,0,0
access_dns_migration_manager,DNS legacy migration,model_dns_legacy_promotion_migration,dns_pos_promotions.group_dns_promotion_manager,1,1,1,1
access_dns_product_csv_manager,DNS promotion product CSV,model_dns_promotion_product_csv,dns_pos_promotions.group_dns_promotion_manager,1,1,1,1
access_dns_store_scope_manager,DNS store scope manager,model_dns_promotion_store_scope,dns_pos_promotions.group_dns_promotion_manager,1,1,1,1
access_dns_store_scope_user,DNS store scope viewer,model_dns_promotion_store_scope,dns_pos_promotions.group_dns_promotion_user,1,0,0,0
access_dns_promotion_report_manager,DNS promotion analysis manager,model_dns_promotion_report,dns_pos_promotions.group_dns_promotion_manager,1,0,0,0
access_dns_promotion_backoffice,DNS promotions back office,model_dns_pos_promotion,dns_pos_promotions.group_dns_promotion_backoffice,1,1,1,0
access_dns_selector_backoffice,DNS selectors back office,model_dns_promotion_selector,dns_pos_promotions.group_dns_promotion_backoffice,1,1,1,1
access_dns_scope_backoffice,DNS resolved products back office,model_dns_promotion_product_scope,dns_pos_promotions.group_dns_promotion_backoffice,1,1,1,1
access_dns_store_scope_backoffice,DNS store scope back office,model_dns_promotion_store_scope,dns_pos_promotions.group_dns_promotion_backoffice,1,1,1,1
access_dns_conflict_backoffice,DNS conflicts back office,model_dns_promotion_conflict,dns_pos_promotions.group_dns_promotion_backoffice,1,1,1,1
access_products_seasons_user,Products seasons user,model_products_seasons,base.group_user,1,1,1,1
access_products_subcategory_user,Products subcategory user,model_products_subcategory,base.group_user,1,1,1,1
access_product_multi_barcode_user,Product multi barcode user,model_product_multi_barcode,base.group_user,1,1,1,1
